{"initial_reset_timestamp": 1543070157.468481, "timestamps": [1543070331.9513726, 1543070400.0227728, 1543070404.0641682, 1543070411.6673465, 1543070418.0169172, 1543070426.161649, 1543070432.155166, 1543070439.6623816], "episode_lengths": [175, 189, 200, 200, 159, 200, 154, 194], "episode_rewards": [175.0, 189.0, 200.0, 200.0, 159.0, 200.0, 154.0, 194.0], "episode_types": ["t", "t", "t", "t", "t", "t", "t", "t", "t", "t", "t", "t", "t", "t", "t", "t"]}