{"initial_reset_timestamp": 1543098767.5821989, "timestamps": [1543098771.2617137, 1543098778.0717843, 1543098783.6669936, 1543098790.9378643, 1543098797.0614815, 1543098805.154825], "episode_lengths": [200, 165, 129, 174, 116, 200], "episode_rewards": [200.0, 165.0, 129.0, 174.0, 116.0, 200.0], "episode_types": ["t", "t", "t", "t", "t", "t", "t", "t", "t", "t", "t", "t"]}