{"initial_reset_timestamp": 1547335116.598814, "timestamps": [1547335134.8565567, 1547335155.859242], "episode_lengths": [9, 9], "episode_rewards": [9.0, 9.0], "episode_types": ["t", "t", "t", "t"]}