{"initial_reset_timestamp": 1543098779.1540663, "timestamps": [1543098783.6670122, 1543098790.9378948, 1543098797.0779014, 1543098805.1646802], "episode_lengths": [129, 174, 116, 200], "episode_rewards": [129.0, 174.0, 116.0, 200.0], "episode_types": ["t", "t", "t", "t", "t", "t", "t", "t"]}