{"initial_reset_timestamp": 1547316634.77931, "timestamps": [1547316641.0810726], "episode_lengths": [184], "episode_rewards": [184.0], "episode_types": ["t", "t"]}