{"initial_reset_timestamp": 1547335034.603284, "timestamps": [1547335042.8661387, 1547335052.8710585, 1547335071.8593624, 1547335092.864642, 1547335112.86976, 1547335133.8625238, 1547335154.8683531], "episode_lengths": [9, 8, 8, 9, 9, 9, 9], "episode_rewards": [9.0, 8.0, 8.0, 9.0, 9.0, 9.0, 9.0], "episode_types": ["t", "t", "t", "t", "t", "t", "t", "t", "t", "t", "t", "t", "t", "t"]}