{"initial_reset_timestamp": 1547335095.7545047, "timestamps": [1547335113.863636, 1547335134.8565516, 1547335155.8592327], "episode_lengths": [9, 9, 9], "episode_rewards": [9.0, 9.0, 9.0], "episode_types": ["t", "t", "t", "t", "t", "t"]}