{"initial_reset_timestamp": 1547316589.1036792, "timestamps": [1547316591.330189, 1547316594.5028794, 1547316599.0040932, 1547316603.36827, 1547316611.3924568, 1547316618.8688128, 1547316626.477074, 1547316634.0350466, 1547316641.070355], "episode_lengths": [92, 123, 200, 190, 200, 188, 200, 200, 184], "episode_rewards": [92.0, 123.0, 200.0, 190.0, 200.0, 188.0, 200.0, 200.0, 184.0], "episode_types": ["t", "t", "t", "t", "t", "t", "t", "t", "t", "t", "t", "t", "t", "t", "t", "t", "t", "t"]}