{"initial_reset_timestamp": 1543070426.8601134, "timestamps": [1543070432.163227, 1543070439.6718574], "episode_lengths": [154, 194], "episode_rewards": [154.0, 194.0], "episode_types": ["t", "t", "t", "t"]}