{"initial_reset_timestamp": 1543070432.9930995, "timestamps": [1543070439.6718645], "episode_lengths": [194], "episode_rewards": [194.0], "episode_types": ["t", "t"]}