{"initial_reset_timestamp": 1543070400.6281626, "timestamps": [1543070404.064176, 1543070411.6673665, 1543070418.0333512, 1543070426.1694694, 1543070432.1551743, 1543070439.6623962], "episode_lengths": [200, 200, 159, 200, 154, 194], "episode_rewards": [200.0, 200.0, 159.0, 200.0, 154.0, 194.0], "episode_types": ["t", "t", "t", "t", "t", "t", "t", "t", "t", "t", "t", "t"]}