{"initial_reset_timestamp": 1547316599.6599946, "timestamps": [1547316603.368286, 1547316611.404967, 1547316618.8799016, 1547316626.4879189, 1547316634.035073, 1547316641.0703876], "episode_lengths": [190, 200, 188, 200, 200, 184], "episode_rewards": [190.0, 200.0, 188.0, 200.0, 200.0, 184.0], "episode_types": ["t", "t", "t", "t", "t", "t", "t", "t", "t", "t", "t", "t"]}