{"initial_reset_timestamp": 1543070419.0638993, "timestamps": [1543070426.1694973, 1543070432.1632223, 1543070439.6718485], "episode_lengths": [200, 154, 194], "episode_rewards": [200.0, 154.0, 194.0], "episode_types": ["t", "t", "t", "t", "t", "t"]}