{"initial_reset_timestamp": 1547316595.2404945, "timestamps": [1547316599.0041063, 1547316603.368283, 1547316611.4049554, 1547316618.87988, 1547316626.477097, 1547316634.0350661, 1547316641.0703802], "episode_lengths": [200, 190, 200, 188, 200, 200, 184], "episode_rewards": [200.0, 190.0, 200.0, 188.0, 200.0, 200.0, 184.0], "episode_types": ["t", "t", "t", "t", "t", "t", "t", "t", "t", "t", "t", "t", "t", "t"]}