{"initial_reset_timestamp": 1547335023.7828608, "timestamps": [1547335024.0734935, 1547335031.861078, 1547335042.8661256, 1547335052.87104, 1547335070.8674495, 1547335091.8701096, 1547335112.86974, 1547335133.862504, 1547335154.868334], "episode_lengths": [10, 9, 9, 8, 8, 9, 9, 9, 9], "episode_rewards": [10.0, 9.0, 9.0, 8.0, 8.0, 9.0, 9.0, 9.0, 9.0], "episode_types": ["t", "t", "t", "t", "t", "t", "t", "t", "t", "t", "t", "t", "t", "t", "t", "t", "t", "t"]}