{"initial_reset_timestamp": 1543098798.2338123, "timestamps": [1543098805.1647034], "episode_lengths": [200], "episode_rewards": [200.0], "episode_types": ["t", "t"]}