{"initial_reset_timestamp": 1543070334.4763074, "timestamps": [1543070400.0227783, 1543070404.0641727, 1543070411.6673603, 1543070418.0333397, 1543070426.1616619, 1543070432.15517, 1543070439.6623921], "episode_lengths": [189, 200, 200, 159, 200, 154, 194], "episode_rewards": [189.0, 200.0, 200.0, 159.0, 200.0, 154.0, 194.0], "episode_types": ["t", "t", "t", "t", "t", "t", "t", "t", "t", "t", "t", "t", "t", "t"]}