{"initial_reset_timestamp": 1547316612.3222516, "timestamps": [1547316618.879918, 1547316626.4879456, 1547316634.0472088, 1547316641.0810325], "episode_lengths": [188, 200, 200, 184], "episode_rewards": [188.0, 200.0, 200.0, 184.0], "episode_types": ["t", "t", "t", "t", "t", "t", "t", "t"]}