{"initial_reset_timestamp": 1543070412.5492547, "timestamps": [1543070418.0333638, 1543070426.1694922, 1543070432.1632164, 1543070439.671828], "episode_lengths": [159, 200, 154, 194], "episode_rewards": [159.0, 200.0, 154.0, 194.0], "episode_types": ["t", "t", "t", "t", "t", "t", "t", "t"]}