{"initial_reset_timestamp": 1543098772.2974179, "timestamps": [1543098778.0717926, 1543098783.667002, 1543098790.937881, 1543098797.077872, 1543098805.154832], "episode_lengths": [165, 129, 174, 116, 200], "episode_rewards": [165.0, 129.0, 174.0, 116.0, 200.0], "episode_types": ["t", "t", "t", "t", "t", "t", "t", "t", "t", "t"]}