{"initial_reset_timestamp": 1543098762.498645, "timestamps": [1543098766.4879398, 1543098771.2617078, 1543098778.0717728, 1543098783.6669707, 1543098790.9206648, 1543098797.0614703, 1543098805.154818], "episode_lengths": [173, 200, 165, 129, 174, 116, 200], "episode_rewards": [173.0, 200.0, 165.0, 129.0, 174.0, 116.0, 200.0], "episode_types": ["t", "t", "t", "t", "t", "t", "t", "t", "t", "t", "t", "t", "t", "t"]}