{"initial_reset_timestamp": 1543070404.6974065, "timestamps": [1543070411.667373, 1543070418.0333586, 1543070426.1694868, 1543070432.163207, 1543070439.662403], "episode_lengths": [200, 159, 200, 154, 194], "episode_rewards": [200.0, 159.0, 200.0, 154.0, 194.0], "episode_types": ["t", "t", "t", "t", "t", "t", "t", "t", "t", "t"]}