{"initial_reset_timestamp": 1547335024.8607168, "timestamps": [1547335031.8610852, 1547335042.8661337, 1547335052.871052, 1547335071.8593497, 1547335091.870119, 1547335112.8697517, 1547335133.8625176, 1547335154.8683457], "episode_lengths": [9, 9, 8, 8, 9, 9, 9, 9], "episode_rewards": [9.0, 9.0, 8.0, 8.0, 9.0, 9.0, 9.0, 9.0], "episode_types": ["t", "t", "t", "t", "t", "t", "t", "t", "t", "t", "t", "t", "t", "t", "t", "t"]}