{"initial_reset_timestamp": 1547335045.598308, "timestamps": [1547335052.8710618, 1547335071.8593693, 1547335092.8646686, 1547335113.8636038, 1547335133.8625295, 1547335154.8683584], "episode_lengths": [8, 8, 9, 9, 9, 9], "episode_rewards": [8.0, 8.0, 9.0, 9.0, 9.0, 9.0], "episode_types": ["t", "t", "t", "t", "t", "t", "t", "t", "t", "t", "t", "t"]}