{"initial_reset_timestamp": 1547316619.6345544, "timestamps": [1547316626.4879515, 1547316634.0472133, 1547316641.081051], "episode_lengths": [200, 200, 184], "episode_rewards": [200.0, 200.0, 184.0], "episode_types": ["t", "t", "t", "t", "t", "t"]}