{"initial_reset_timestamp": 1547316604.118014, "timestamps": [1547316611.4049747, 1547316618.879912, 1547316626.4879372, 1547316634.0471985, 1547316641.0703967], "episode_lengths": [200, 188, 200, 200, 184], "episode_rewards": [200.0, 188.0, 200.0, 200.0, 184.0], "episode_types": ["t", "t", "t", "t", "t", "t", "t", "t", "t", "t"]}