{"initial_reset_timestamp": 1547316627.1927867, "timestamps": [1547316634.0472178, 1547316641.0810628], "episode_lengths": [200, 184], "episode_rewards": [200.0, 184.0], "episode_types": ["t", "t", "t", "t"]}