{"initial_reset_timestamp": 1543098792.532186, "timestamps": [1543098797.0779328, 1543098805.1646981], "episode_lengths": [116, 200], "episode_rewards": [116.0, 200.0], "episode_types": ["t", "t", "t", "t"]}