{"initial_reset_timestamp": 1547335074.6159613, "timestamps": [1547335092.8646944, 1547335113.8636298, 1547335134.8565469, 1547335155.859223], "episode_lengths": [9, 9, 9, 9], "episode_rewards": [9.0, 9.0, 9.0, 9.0], "episode_types": ["t", "t", "t", "t", "t", "t", "t", "t"]}