{"initial_reset_timestamp": 1543098758.6461177, "timestamps": [1543098761.30536, 1543098766.487936, 1543098771.2617, 1543098778.0717566, 1543098783.6585462, 1543098790.9205763, 1543098797.0614533, 1543098805.154807], "episode_lengths": [135, 173, 200, 165, 129, 174, 116, 200], "episode_rewards": [135.0, 173.0, 200.0, 165.0, 129.0, 174.0, 116.0, 200.0], "episode_types": ["t", "t", "t", "t", "t", "t", "t", "t", "t", "t", "t", "t", "t", "t", "t", "t"]}