{"initial_reset_timestamp": 1543070083.3870213, "timestamps": [1543070154.9451184, 1543070331.9513652, 1543070400.0227618, 1543070404.06416, 1543070411.656461, 1543070418.0169075, 1543070426.1616323, 1543070432.1551576, 1543070439.662369], "episode_lengths": [141, 175, 189, 200, 200, 159, 200, 154, 194], "episode_rewards": [141.0, 175.0, 189.0, 200.0, 200.0, 159.0, 200.0, 154.0, 194.0], "episode_types": ["t", "t", "t", "t", "t", "t", "t", "t", "t", "t", "t", "t", "t", "t", "t", "t", "t", "t"]}