{"initial_reset_timestamp": 1543098755.2659516, "timestamps": [1543098757.586146, 1543098761.3053527, 1543098766.4879246, 1543098771.2616837, 1543098778.0634272, 1543098783.6585326, 1543098790.9205499, 1543098797.0613492, 1543098805.1542094], "episode_lengths": [116, 135, 173, 200, 165, 129, 174, 116, 200], "episode_rewards": [116.0, 135.0, 173.0, 200.0, 165.0, 129.0, 174.0, 116.0, 200.0], "episode_types": ["t", "t", "t", "t", "t", "t", "t", "t", "t", "t", "t", "t", "t", "t", "t", "t", "t", "t"]}