{"initial_reset_timestamp": 1547335055.6115658, "timestamps": [1547335071.859374, 1547335092.8646822, 1547335113.863618, 1547335134.8565354, 1547335154.8683624], "episode_lengths": [8, 9, 9, 9, 9], "episode_rewards": [8.0, 9.0, 9.0, 9.0, 9.0], "episode_types": ["t", "t", "t", "t", "t", "t", "t", "t", "t", "t"]}