{"initial_reset_timestamp": 1543098784.8038435, "timestamps": [1543098790.937906, 1543098797.0779164, 1543098805.164691], "episode_lengths": [174, 116, 200], "episode_rewards": [174.0, 116.0, 200.0], "episode_types": ["t", "t", "t", "t", "t", "t"]}