{"initial_reset_timestamp": 1547316591.9697978, "timestamps": [1547316594.5028887, 1547316599.0041025, 1547316603.3682795, 1547316611.4049428, 1547316618.8688238, 1547316626.4770877, 1547316634.0350597, 1547316641.0703716], "episode_lengths": [123, 200, 190, 200, 188, 200, 200, 184], "episode_rewards": [123.0, 200.0, 190.0, 200.0, 188.0, 200.0, 200.0, 184.0], "episode_types": ["t", "t", "t", "t", "t", "t", "t", "t", "t", "t", "t", "t", "t", "t", "t", "t"]}