{"initial_reset_timestamp": 1547378343.9960067, "timestamps": [1547378347.8887157, 1547378353.1157372, 1547378358.1443365, 1547378363.154378], "episode_lengths": [112, 124, 122, 121], "episode_rewards": [112.0, 124.0, 122.0, 121.0], "episode_types": ["t", "t", "t", "t", "t", "t", "t", "t"]}