{"initial_reset_timestamp": 1547378329.5457766, "timestamps": [1547378331.5613565, 1547378335.1901524, 1547378338.0051572, 1547378343.0270624, 1547378347.8768077, 1547378353.1063268, 1547378358.132946, 1547378363.1346872], "episode_lengths": [117, 135, 120, 121, 112, 124, 122, 121], "episode_rewards": [117.0, 135.0, 120.0, 121.0, 112.0, 124.0, 122.0, 121.0], "episode_types": ["t", "t", "t", "t", "t", "t", "t", "t", "t", "t", "t", "t", "t", "t", "t", "t"]}