{"initial_reset_timestamp": 1547378338.807975, "timestamps": [1547378343.0271144, 1547378347.8887084, 1547378353.1157207, 1547378358.1443248, 1547378363.1347175], "episode_lengths": [121, 112, 124, 122, 121], "episode_rewards": [121.0, 112.0, 124.0, 122.0, 121.0], "episode_types": ["t", "t", "t", "t", "t", "t", "t", "t", "t", "t"]}