{"initial_reset_timestamp": 1547378348.8400903, "timestamps": [1547378353.1157486, 1547378358.1443415, 1547378363.1544342], "episode_lengths": [124, 122, 121], "episode_rewards": [124.0, 122.0, 121.0], "episode_types": ["t", "t", "t", "t", "t", "t"]}