{"initial_reset_timestamp": 1547378353.910013, "timestamps": [1547378358.144347, 1547378363.1544502], "episode_lengths": [122, 121], "episode_rewards": [122.0, 121.0], "episode_types": ["t", "t", "t", "t"]}