{"initial_reset_timestamp": 1547378326.5986357, "timestamps": [1547378328.6820009, 1547378331.5613487, 1547378335.1901445, 1547378338.0051477, 1547378343.0162091, 1547378347.8767936, 1547378353.1063192, 1547378358.1329336, 1547378363.1346745], "episode_lengths": [115, 117, 135, 120, 121, 112, 124, 122, 121], "episode_rewards": [115.0, 117.0, 135.0, 120.0, 121.0, 112.0, 124.0, 122.0, 121.0], "episode_types": ["t", "t", "t", "t", "t", "t", "t", "t", "t", "t", "t", "t", "t", "t", "t", "t", "t", "t"]}