{"initial_reset_timestamp": 1547378332.6695213, "timestamps": [1547378335.1901574, 1547378338.0051641, 1547378343.0270872, 1547378347.8886845, 1547378353.1063354, 1547378358.132958, 1547378363.1347008], "episode_lengths": [135, 120, 121, 112, 124, 122, 121], "episode_rewards": [135.0, 120.0, 121.0, 112.0, 124.0, 122.0, 121.0], "episode_types": ["t", "t", "t", "t", "t", "t", "t", "t", "t", "t", "t", "t", "t", "t"]}