{"initial_reset_timestamp": 1547378335.9369826, "timestamps": [1547378338.005168, 1547378343.027101, 1547378347.8886995, 1547378353.115698, 1547378358.1329648, 1547378363.1347072], "episode_lengths": [120, 121, 112, 124, 122, 121], "episode_rewards": [120.0, 121.0, 112.0, 124.0, 122.0, 121.0], "episode_types": ["t", "t", "t", "t", "t", "t", "t", "t", "t", "t", "t", "t"]}