{"initial_reset_timestamp": 1547378358.9370914, "timestamps": [1547378363.1544645], "episode_lengths": [121], "episode_rewards": [121.0], "episode_types": ["t", "t"]}