{"initial_reset_timestamp": 1543353025.5278146, "timestamps": [1543353029.5423307, 1543353035.3284473, 1543353042.5648088, 1543353049.4209452], "episode_lengths": [101, 99, 97, 86], "episode_rewards": [-100.0, -98.0, -96.0, -85.0], "episode_types": ["t", "t", "t", "t", "t", "t", "t", "t"]}