{"initial_reset_timestamp": 1543353031.3809235, "timestamps": [1543353035.3284597, 1543353042.5648148, 1543353049.4209607], "episode_lengths": [99, 97, 86], "episode_rewards": [-98.0, -96.0, -85.0], "episode_types": ["t", "t", "t", "t", "t", "t"]}