{"initial_reset_timestamp": 1543353002.2044854, "timestamps": [1543353008.0929036, 1543353011.7879438, 1543353016.129441, 1543353019.6072023, 1543353023.577151, 1543353029.5217886, 1543353035.3184812, 1543353042.5573633, 1543353049.404108], "episode_lengths": [266, 103, 122, 91, 67, 101, 99, 97, 86], "episode_rewards": [-265.0, -102.0, -121.0, -90.0, -66.0, -100.0, -98.0, -96.0, -85.0], "episode_types": ["t", "t", "t", "t", "t", "t", "t", "t", "t", "t", "t", "t", "t", "t", "t", "t", "t", "t"]}