{"initial_reset_timestamp": 1543353021.0916376, "timestamps": [1543353023.5846112, 1543353029.5422997, 1543353035.3284345, 1543353042.5647984, 1543353049.4041572], "episode_lengths": [67, 101, 99, 97, 86], "episode_rewards": [-66.0, -100.0, -98.0, -96.0, -85.0], "episode_types": ["t", "t", "t", "t", "t", "t", "t", "t", "t", "t"]}