{"initial_reset_timestamp": 1543353009.5826607, "timestamps": [1543353011.7879505, 1543353016.1294498, 1543353019.607214, 1543353023.5845835, 1543353029.521807, 1543353035.3184936, 1543353042.557374, 1543353049.404127], "episode_lengths": [103, 122, 91, 67, 101, 99, 97, 86], "episode_rewards": [-102.0, -121.0, -90.0, -66.0, -100.0, -98.0, -96.0, -85.0], "episode_types": ["t", "t", "t", "t", "t", "t", "t", "t", "t", "t", "t", "t", "t", "t", "t", "t"]}