{"initial_reset_timestamp": 1543353037.697637, "timestamps": [1543353042.56482, 1543353049.4209726], "episode_lengths": [97, 86], "episode_rewards": [-96.0, -85.0], "episode_types": ["t", "t", "t", "t"]}