{"initial_reset_timestamp": 1543353013.470672, "timestamps": [1543353016.1294534, 1543353019.6072192, 1543353023.5845976, 1543353029.5422032, 1543353035.3185048, 1543353042.5573795, 1543353049.4041367], "episode_lengths": [122, 91, 67, 101, 99, 97, 86], "episode_rewards": [-121.0, -90.0, -66.0, -100.0, -98.0, -96.0, -85.0], "episode_types": ["t", "t", "t", "t", "t", "t", "t", "t", "t", "t", "t", "t", "t", "t"]}