{"initial_reset_timestamp": 1543353017.5995402, "timestamps": [1543353019.607222, 1543353023.584605, 1543353029.5422645, 1543353035.3284082, 1543353042.557387, 1543353049.4041457], "episode_lengths": [91, 67, 101, 99, 97, 86], "episode_rewards": [-90.0, -66.0, -100.0, -98.0, -96.0, -85.0], "episode_types": ["t", "t", "t", "t", "t", "t", "t", "t", "t", "t", "t", "t"]}