{"initial_reset_timestamp": 1543305384.0722554, "timestamps": [1543305583.0567894, 1543305785.0583816, 1543306188.0475147, 1543306591.0537715, 1543306993.0638938, 1543307396.0640044, 1543307799.0593975], "episode_lengths": [200, 200, 200, 200, 200, 200, 200], "episode_rewards": [-200.0, -200.0, -200.0, -200.0, -200.0, -200.0, -200.0], "episode_types": ["t", "t", "t", "t", "t", "t", "t", "t", "t", "t", "t", "t", "t", "t"]}