{"initial_reset_timestamp": 1543304981.4060092, "timestamps": [1543305179.0601804, 1543305381.0548003, 1543305583.0567775, 1543305785.0583653, 1543306187.060031, 1543306590.062905, 1543306993.0638745, 1543307396.0639813, 1543307799.059379], "episode_lengths": [200, 200, 200, 200, 200, 200, 200, 200, 200], "episode_rewards": [-200.0, -200.0, -200.0, -200.0, -200.0, -200.0, -200.0, -200.0, -200.0], "episode_types": ["t", "t", "t", "t", "t", "t", "t", "t", "t", "t", "t", "t", "t", "t", "t", "t", "t", "t"]}