{"initial_reset_timestamp": 1543306191.1019533, "timestamps": [1543306591.0538032, 1543306994.0541503, 1543307397.0529933, 1543307800.052861], "episode_lengths": [200, 200, 200, 200], "episode_rewards": [-200.0, -200.0, -200.0, -200.0], "episode_types": ["t", "t", "t", "t", "t", "t", "t", "t"]}