{"initial_reset_timestamp": 1543307400.077076, "timestamps": [1543307800.0528917], "episode_lengths": [200], "episode_rewards": [-200.0], "episode_types": ["t", "t"]}