{"initial_reset_timestamp": 1543305788.0823622, "timestamps": [1543306188.0475295, 1543306591.0537946, 1543306994.0541425, 1543307397.0529754, 1543307799.0594087], "episode_lengths": [200, 200, 200, 200, 200], "episode_rewards": [-200.0, -200.0, -200.0, -200.0, -200.0], "episode_types": ["t", "t", "t", "t", "t", "t", "t", "t", "t", "t"]}