{"initial_reset_timestamp": 1543305586.0730906, "timestamps": [1543305785.0583847, 1543306188.047523, 1543306591.0537875, 1543306994.054133, 1543307396.0640142, 1543307799.0594032], "episode_lengths": [200, 200, 200, 200, 200, 200], "episode_rewards": [-200.0, -200.0, -200.0, -200.0, -200.0, -200.0], "episode_types": ["t", "t", "t", "t", "t", "t", "t", "t", "t", "t", "t", "t"]}