{"initial_reset_timestamp": 1543306594.07864, "timestamps": [1543306994.0541558, 1543307397.0530047, 1543307800.052876], "episode_lengths": [200, 200, 200], "episode_rewards": [-200.0, -200.0, -200.0], "episode_types": ["t", "t", "t", "t", "t", "t"]}