{"initial_reset_timestamp": 1543305182.1519234, "timestamps": [1543305381.054807, 1543305583.0567856, 1543305785.058376, 1543306188.0475016, 1543306590.062918, 1543306993.063885, 1543307396.0639951, 1543307799.0593882], "episode_lengths": [200, 200, 200, 200, 200, 200, 200, 200], "episode_rewards": [-200.0, -200.0, -200.0, -200.0, -200.0, -200.0, -200.0, -200.0], "episode_types": ["t", "t", "t", "t", "t", "t", "t", "t", "t", "t", "t", "t", "t", "t", "t", "t"]}