{"initial_reset_timestamp": 1543306997.1474743, "timestamps": [1543307397.0530136, 1543307800.0528839], "episode_lengths": [200, 200], "episode_rewards": [-200.0, -200.0], "episode_types": ["t", "t", "t", "t"]}