{"initial_reset_timestamp": 1547376404.9472835, "timestamps": [1547376418.4050903, 1547376434.9875643], "episode_lengths": [389, 454], "episode_rewards": [389.0, 454.0], "episode_types": ["t", "t", "t", "t"]}