{"initial_reset_timestamp": 1547376352.4445992, "timestamps": [1547376359.4208195, 1547376373.3069026, 1547376387.5577605, 1547376404.0198405, 1547376418.3952374, 1547376434.9762797], "episode_lengths": [401, 381, 389, 455, 389, 454], "episode_rewards": [401.0, 381.0, 389.0, 455.0, 389.0, 454.0], "episode_types": ["t", "t", "t", "t", "t", "t", "t", "t", "t", "t", "t", "t"]}