{"initial_reset_timestamp": 1547376388.5282893, "timestamps": [1547376404.0198653, 1547376418.4050846, 1547376434.9875574], "episode_lengths": [455, 389, 454], "episode_rewards": [455.0, 389.0, 454.0], "episode_types": ["t", "t", "t", "t", "t", "t"]}