{"initial_reset_timestamp": 1547376325.7763, "timestamps": [1547376334.5806506, 1547376342.7385588, 1547376351.4727929, 1547376359.420796, 1547376373.2970474, 1547376387.548503, 1547376404.0090275, 1547376418.395204, 1547376434.976253], "episode_lengths": [437, 406, 432, 401, 381, 389, 455, 389, 454], "episode_rewards": [437.0, 406.0, 432.0, 401.0, 381.0, 389.0, 455.0, 389.0, 454.0], "episode_types": ["t", "t", "t", "t", "t", "t", "t", "t", "t", "t", "t", "t", "t", "t", "t", "t", "t", "t"]}