{"initial_reset_timestamp": 1547376360.3639941, "timestamps": [1547376373.3069088, 1547376387.5577664, 1547376404.0198526, 1547376418.4050643, 1547376434.9762857], "episode_lengths": [381, 389, 455, 389, 454], "episode_rewards": [381.0, 389.0, 455.0, 389.0, 454.0], "episode_types": ["t", "t", "t", "t", "t", "t", "t", "t", "t", "t"]}