{"initial_reset_timestamp": 1547376343.898372, "timestamps": [1547376351.4728036, 1547376359.4208148, 1547376373.3068967, 1547376387.557751, 1547376404.0090463, 1547376418.395229, 1547376434.9762726], "episode_lengths": [432, 401, 381, 389, 455, 389, 454], "episode_rewards": [432.0, 401.0, 381.0, 389.0, 455.0, 389.0, 454.0], "episode_types": ["t", "t", "t", "t", "t", "t", "t", "t", "t", "t", "t", "t", "t", "t"]}