{"initial_reset_timestamp": 1547376335.5639017, "timestamps": [1547376342.7385695, 1547376351.4728003, 1547376359.4208078, 1547376373.3068767, 1547376387.5485141, 1547376404.0090368, 1547376418.3952165, 1547376434.9762642], "episode_lengths": [406, 432, 401, 381, 389, 455, 389, 454], "episode_rewards": [406.0, 432.0, 401.0, 381.0, 389.0, 455.0, 389.0, 454.0], "episode_types": ["t", "t", "t", "t", "t", "t", "t", "t", "t", "t", "t", "t", "t", "t", "t", "t"]}