{"initial_reset_timestamp": 1547376374.2483022, "timestamps": [1547376387.5577712, 1547376404.0198593, 1547376418.4050775, 1547376434.9875338], "episode_lengths": [389, 455, 389, 454], "episode_rewards": [389.0, 455.0, 389.0, 454.0], "episode_types": ["t", "t", "t", "t", "t", "t", "t", "t"]}