{"initial_reset_timestamp": 1547376419.3550644, "timestamps": [1547376434.9875746], "episode_lengths": [454], "episode_rewards": [454.0], "episode_types": ["t", "t"]}