{"initial_reset_timestamp": 1542734468.9129488, "timestamps": [1542734498.9587562, 1542734521.7358315, 1542734546.8267047, 1542734574.7818146], "episode_lengths": [897, 659, 726, 803], "episode_rewards": [151.70270427772414, 204.58182511022682, 186.70488208349343, 167.33105321080134], "episode_types": ["t", "t", "t", "t", "t", "t", "t", "t"]}