{"initial_reset_timestamp": 1542734547.48976, "timestamps": [1542734574.7818432], "episode_lengths": [803], "episode_rewards": [167.33105321080134], "episode_types": ["t", "t"]}