{"initial_reset_timestamp": 1543852242.2268279, "timestamps": [1543854242.6443977, 1543855422.6427515, 1543857425.6424637, 1543859428.6421003, 1543861430.659332], "episode_lengths": [1000, 1000, 1000, 1000, 1000], "episode_rewards": [-38.08062244187758, 41.19076404872444, -25.319815936127856, -47.207656767495976, -82.97779684269682], "episode_types": ["t", "t", "t", "t", "t", "t", "t", "t", "t", "t"]}