{"initial_reset_timestamp": 1543378994.1548595, "timestamps": [1543379807.0572913, 1543380278.0591114, 1543381073.062619, 1543382075.0612798, 1543383505.0585816, 1543384508.0663593, 1543385937.0642722, 1543386546.0626733, 1543388017.0573862], "episode_lengths": [815, 469, 793, 1000, 714, 500, 713, 303, 734], "episode_rewards": [215.13172810156595, 262.9377482122427, 194.75739054652277, 5.340915075812824, 200.30091596914394, 246.39841763389273, 167.5417850801387, 295.1484787436872, 216.30525401291877], "episode_types": ["t", "t", "t", "t", "t", "t", "t", "t", "t", "t", "t", "t", "t", "t", "t", "t", "t", "t"]}