{"initial_reset_timestamp": 1542734499.6195781, "timestamps": [1542734521.7358365, 1542734546.8267126, 1542734574.7818282], "episode_lengths": [659, 726, 803], "episode_rewards": [204.58182511022682, 186.70488208349343, 167.33105321080134], "episode_types": ["t", "t", "t", "t", "t", "t"]}