{"initial_reset_timestamp": 1543848730.0068262, "timestamps": [1543849237.6472945, 1543850239.6483166, 1543851241.648744, 1543852239.646729, 1543854241.6489632, 1543855421.6493042, 1543857424.6480353, 1543859427.6482723, 1543861430.6593022], "episode_lengths": [510, 1000, 1000, 996, 1000, 1000, 1000, 1000, 1000], "episode_rewards": [255.64476010808414, -81.54410207593577, -100.19706136619807, 100.95588489691117, -38.08062244187758, 41.19076404872444, -25.319815936127856, -47.207656767495976, -82.97779684269682], "episode_types": ["t", "t", "t", "t", "t", "t", "t", "t", "t", "t", "t", "t", "t", "t", "t", "t", "t", "t"]}