{"initial_reset_timestamp": 1543850242.2320237, "timestamps": [1543851241.6487556, 1543852239.646742, 1543854242.6443863, 1543855422.6427307, 1543857424.6480515, 1543859427.648288, 1543861430.6593196], "episode_lengths": [1000, 996, 1000, 1000, 1000, 1000, 1000], "episode_rewards": [-100.19706136619807, 100.95588489691117, -38.08062244187758, 41.19076404872444, -25.319815936127856, -47.207656767495976, -82.97779684269682], "episode_types": ["t", "t", "t", "t", "t", "t", "t", "t", "t", "t", "t", "t", "t", "t"]}