{"initial_reset_timestamp": 1542734401.6459358, "timestamps": [1542734414.0338507, 1542734424.2040172, 1542734440.0267963, 1542734468.2736037, 1542734498.9488018, 1542734521.7248914, 1542734546.816537, 1542734574.7712975], "episode_lengths": [713, 548, 852, 822, 897, 659, 726, 803], "episode_rewards": [170.44349995849416, 220.7238108947535, 206.5928581416571, 136.1503535058294, 151.70270427772414, 204.58182511022682, 186.70488208349343, 167.33105321080134], "episode_types": ["t", "t", "t", "t", "t", "t", "t", "t", "t", "t", "t", "t", "t", "t", "t", "t"]}