{"initial_reset_timestamp": 1543385941.4018457, "timestamps": [1543386547.0561264, 1543388018.0470338], "episode_lengths": [303, 734], "episode_rewards": [295.1484787436872, 216.30525401291877], "episode_types": ["t", "t", "t", "t"]}