{"initial_reset_timestamp": 1542734388.5093384, "timestamps": [1542734400.9273057, 1542734414.0338416, 1542734424.20401, 1542734440.0267851, 1542734468.2631888, 1542734498.9487877, 1542734521.7248824, 1542734546.816525, 1542734574.7712865], "episode_lengths": [664, 713, 548, 852, 822, 897, 659, 726, 803], "episode_rewards": [199.83387319294843, 170.44349995849416, 220.7238108947535, 206.5928581416571, 136.1503535058294, 151.70270427772414, 204.58182511022682, 186.70488208349343, 167.33105321080134], "episode_types": ["t", "t", "t", "t", "t", "t", "t", "t", "t", "t", "t", "t", "t", "t", "t", "t", "t", "t"]}