{"initial_reset_timestamp": 1543854245.2308028, "timestamps": [1543855422.6427572, 1543857425.6424718, 1543859428.6421125, 1543861431.6430585], "episode_lengths": [1000, 1000, 1000, 1000], "episode_rewards": [41.19076404872444, -25.319815936127856, -47.207656767495976, -82.97779684269682], "episode_types": ["t", "t", "t", "t", "t", "t", "t", "t"]}