{"initial_reset_timestamp": 1542734414.6157773, "timestamps": [1542734424.2040207, 1542734440.026802, 1542734468.2736204, 1542734498.958727, 1542734521.7249012, 1542734546.8165414, 1542734574.7713046], "episode_lengths": [548, 852, 822, 897, 659, 726, 803], "episode_rewards": [220.7238108947535, 206.5928581416571, 136.1503535058294, 151.70270427772414, 204.58182511022682, 186.70488208349343, 167.33105321080134], "episode_types": ["t", "t", "t", "t", "t", "t", "t", "t", "t", "t", "t", "t", "t", "t"]}