{"initial_reset_timestamp": 1543379810.4025114, "timestamps": [1543380278.0591185, 1543381073.0626261, 1543382075.061289, 1543383506.0489066, 1543384508.066379, 1543385937.064285, 1543386546.0626843, 1543388017.057397], "episode_lengths": [469, 793, 1000, 714, 500, 713, 303, 734], "episode_rewards": [262.9377482122427, 194.75739054652277, 5.340915075812824, 200.30091596914394, 246.39841763389273, 167.5417850801387, 295.1484787436872, 216.30525401291877], "episode_types": ["t", "t", "t", "t", "t", "t", "t", "t", "t", "t", "t", "t", "t", "t", "t", "t"]}