{"initial_reset_timestamp": 1542734522.4838204, "timestamps": [1542734546.8267198, 1542734574.7818356], "episode_lengths": [726, 803], "episode_rewards": [186.70488208349343, 167.33105321080134], "episode_types": ["t", "t", "t", "t"]}