{"initial_reset_timestamp": 1543851244.2309942, "timestamps": [1543852239.6467466, 1543854242.6443923, 1543855422.642744, 1543857425.6424496, 1543859427.6482937, 1543861430.6593244], "episode_lengths": [996, 1000, 1000, 1000, 1000, 1000], "episode_rewards": [100.95588489691117, -38.08062244187758, 41.19076404872444, -25.319815936127856, -47.207656767495976, -82.97779684269682], "episode_types": ["t", "t", "t", "t", "t", "t", "t", "t", "t", "t", "t", "t"]}