{"initial_reset_timestamp": 1542734424.9242892, "timestamps": [1542734440.0268073, 1542734468.273628, 1542734498.9587407, 1542734521.7358127, 1542734546.8165488, 1542734574.7713099], "episode_lengths": [852, 822, 897, 659, 726, 803], "episode_rewards": [206.5928581416571, 136.1503535058294, 151.70270427772414, 204.58182511022682, 186.70488208349343, 167.33105321080134], "episode_types": ["t", "t", "t", "t", "t", "t", "t", "t", "t", "t", "t", "t"]}