{"initial_reset_timestamp": 1543384512.3843625, "timestamps": [1543385938.0530922, 1543386547.0561204, 1543388018.047024], "episode_lengths": [713, 303, 734], "episode_rewards": [167.5417850801387, 295.1484787436872, 216.30525401291877], "episode_types": ["t", "t", "t", "t", "t", "t"]}