{"initial_reset_timestamp": 1543857428.2350402, "timestamps": [1543859428.642125, 1543861431.6430795], "episode_lengths": [1000, 1000], "episode_rewards": [-47.207656767495976, -82.97779684269682], "episode_types": ["t", "t", "t", "t"]}