{"initial_reset_timestamp": 1543849240.231937, "timestamps": [1543850239.6483238, 1543851241.648752, 1543852239.6467364, 1543854242.6443741, 1543855421.6493142, 1543857424.6480453, 1543859427.6482818, 1543861430.6593127], "episode_lengths": [1000, 1000, 996, 1000, 1000, 1000, 1000, 1000], "episode_rewards": [-81.54410207593577, -100.19706136619807, 100.95588489691117, -38.08062244187758, 41.19076404872444, -25.319815936127856, -47.207656767495976, -82.97779684269682], "episode_types": ["t", "t", "t", "t", "t", "t", "t", "t", "t", "t", "t", "t", "t", "t", "t", "t"]}