{"initial_reset_timestamp": 1543381076.4021509, "timestamps": [1543382075.0612962, 1543383506.0489326, 1543384509.0461943, 1543385938.0530686, 1543386546.0627005, 1543388017.057412], "episode_lengths": [1000, 714, 500, 713, 303, 734], "episode_rewards": [5.340915075812824, 200.30091596914394, 246.39841763389273, 167.5417850801387, 295.1484787436872, 216.30525401291877], "episode_types": ["t", "t", "t", "t", "t", "t", "t", "t", "t", "t", "t", "t"]}