{"initial_reset_timestamp": 1543382078.4047258, "timestamps": [1543383506.0489402, 1543384509.046201, 1543385938.0530791, 1543386547.0560987, 1543388017.0574164], "episode_lengths": [714, 500, 713, 303, 734], "episode_rewards": [200.30091596914394, 246.39841763389273, 167.5417850801387, 295.1484787436872, 216.30525401291877], "episode_types": ["t", "t", "t", "t", "t", "t", "t", "t", "t", "t"]}