{"initial_reset_timestamp": 1543383509.4015489, "timestamps": [1543384509.046207, 1543385938.0530872, 1543386547.056114, 1543388018.047008], "episode_lengths": [500, 713, 303, 734], "episode_rewards": [246.39841763389273, 167.5417850801387, 295.1484787436872, 216.30525401291877], "episode_types": ["t", "t", "t", "t", "t", "t", "t", "t"]}