{"initial_reset_timestamp": 1543386550.415264, "timestamps": [1543388018.0470424], "episode_lengths": [734], "episode_rewards": [216.30525401291877], "episode_types": ["t", "t"]}