{"initial_reset_timestamp": 1543859431.2397838, "timestamps": [1543861431.6430874], "episode_lengths": [1000], "episode_rewards": [-82.97779684269682], "episode_types": ["t", "t"]}