{"initial_reset_timestamp": 1543855425.350058, "timestamps": [1543857425.6424792, 1543859428.6421182, 1543861431.6430714], "episode_lengths": [1000, 1000, 1000], "episode_rewards": [-25.319815936127856, -47.207656767495976, -82.97779684269682], "episode_types": ["t", "t", "t", "t", "t", "t"]}