{"initial_reset_timestamp": 1542734440.7100015, "timestamps": [1542734468.2736332, 1542734498.9587486, 1542734521.7358248, 1542734546.8266869, 1542734574.7713163], "episode_lengths": [822, 897, 659, 726, 803], "episode_rewards": [136.1503535058294, 151.70270427772414, 204.58182511022682, 186.70488208349343, 167.33105321080134], "episode_types": ["t", "t", "t", "t", "t", "t", "t", "t", "t", "t"]}