{"initial_reset_timestamp": 1543380281.4080355, "timestamps": [1543381073.0626302, 1543382075.061293, 1543383506.04892, 1543384509.0461812, 1543385937.0642915, 1543386546.0626917, 1543388017.0574048], "episode_lengths": [793, 1000, 714, 500, 713, 303, 734], "episode_rewards": [194.75739054652277, 5.340915075812824, 200.30091596914394, 246.39841763389273, 167.5417850801387, 295.1484787436872, 216.30525401291877], "episode_types": ["t", "t", "t", "t", "t", "t", "t", "t", "t", "t", "t", "t", "t", "t"]}