{"initial_reset_timestamp": 1543264074.393034, "timestamps": [1543264074.9578595, 1543264076.6230865, 1543264078.1214504], "episode_lengths": [11, 14, 12], "episode_rewards": [11.0, 14.0, 12.0], "episode_types": ["t", "t", "t", "t", "t", "t"]}