{"initial_reset_timestamp": 1543264067.5321279, "timestamps": [1543264067.8628845, 1543264069.061441, 1543264070.2388272, 1543264071.8942537, 1543264073.4317176, 1543264074.9468656, 1543264076.6145105, 1543264078.1128466], "episode_lengths": [13, 13, 12, 11, 12, 11, 14, 12], "episode_rewards": [13.0, 13.0, 12.0, 11.0, 12.0, 11.0, 14.0, 12.0], "episode_types": ["t", "t", "t", "t", "t", "t", "t", "t", "t", "t", "t", "t", "t", "t", "t", "t"]}