{"initial_reset_timestamp": 1543264066.2065704, "timestamps": [1543264066.5887156, 1543264067.8628776, 1543264069.061432, 1543264070.238817, 1543264071.8838944, 1543264073.4317074, 1543264074.946858, 1543264076.6144884, 1543264078.1128356], "episode_lengths": [14, 13, 13, 12, 11, 12, 11, 14, 12], "episode_rewards": [14.0, 13.0, 13.0, 12.0, 11.0, 12.0, 11.0, 14.0, 12.0], "episode_types": ["t", "t", "t", "t", "t", "t", "t", "t", "t", "t", "t", "t", "t", "t", "t", "t", "t", "t"]}