{"initial_reset_timestamp": 1543264075.9746537, "timestamps": [1543264076.6230912, 1543264078.121459], "episode_lengths": [14, 12], "episode_rewards": [14.0, 12.0], "episode_types": ["t", "t", "t", "t"]}