{"initial_reset_timestamp": 1543264069.9614346, "timestamps": [1543264070.2388384, 1543264071.8942738, 1543264073.4426196, 1543264074.9578345, 1543264076.614526, 1543264078.112863], "episode_lengths": [12, 11, 12, 11, 14, 12], "episode_rewards": [12.0, 11.0, 12.0, 11.0, 14.0, 12.0], "episode_types": ["t", "t", "t", "t", "t", "t", "t", "t", "t", "t", "t", "t"]}