{"initial_reset_timestamp": 1543264072.8388157, "timestamps": [1543264073.4426334, 1543264074.9578526, 1543264076.6230788, 1543264078.1214397], "episode_lengths": [12, 11, 14, 12], "episode_rewards": [12.0, 11.0, 14.0, 12.0], "episode_types": ["t", "t", "t", "t", "t", "t", "t", "t"]}