{"initial_reset_timestamp": 1543264068.7508311, "timestamps": [1543264069.0614443, 1543264070.2388349, 1543264071.8942642, 1543264073.4426036, 1543264074.9468737, 1543264076.6145172, 1543264078.1128552], "episode_lengths": [13, 12, 11, 12, 11, 14, 12], "episode_rewards": [13.0, 12.0, 11.0, 12.0, 11.0, 14.0, 12.0], "episode_types": ["t", "t", "t", "t", "t", "t", "t", "t", "t", "t", "t", "t", "t", "t"]}