{"initial_reset_timestamp": 1543264071.3050137, "timestamps": [1543264071.8942788, 1543264073.442628, 1543264074.957846, 1543264076.6230695, 1543264078.112869], "episode_lengths": [11, 12, 11, 14, 12], "episode_rewards": [11.0, 12.0, 11.0, 14.0, 12.0], "episode_types": ["t", "t", "t", "t", "t", "t", "t", "t", "t", "t"]}